{
    "python3": {
        "Upload": 0.0031004,
        "Download": 0.0495367,
        "total": 0.052637100000000006
    }
}